{
    "fx": 912.2659912109375,
    "fy": 911.6720581054688,
    "s": 0.0,
    "cx": 637.773193359375,
    "cy": 375.817138671875
}