{
    "p3": [
        -0.06,
        -0.6698902289019983,
        1.179642677307129,
        -0.6104524771319788,
        1.5363038778305054,
        -2.4494691530810755
    ],
    "p2": [
        -0.11,
        -1.2596944014178675,
        2.2710089683532715,
        -1.1125996748553675,
        1.4878071546554565,
        -2.4465771357165735
    ],
    "p1": [
        -0.62,
        -0.6813448111163538,
        2.1993227005004883,
        -1.6413839499102991,
        0.971028208732605,
        -2.3895188013659876
    ],
    "facedown": [
        -0.36104089418520147,
        -0.9531286398517054,
        1.7449307441711426,
        -2.1147406736956995,
        2.057122230529785,
        -2.838463846837179
    ],
    "q1": [
        -0.39656049409975225,
        -1.1024096647845667,
        1.735206127166748,
        -1.2345479170428675,
        1.7579454183578491,
        -2.663921896611349
    ],
    "q2": [
        -0.6428864637957972,
        -0.7250774542437952,
        1.690211296081543,
        -1.906912628804342,
        1.4292701482772827,
        -2.097039047871725
    ],
    "q3": [
        -0.9124882856952112,
        -0.6430338064776819,
        1.8031811714172363,
        -2.097682301198141,
        0.8610036373138428,
        -1.716320816670553
    ],
    "q4": [
        -0.9744375387774866,
        -0.7211316267596644,
        1.7395896911621094,
        -1.9752314726458948,
        0.8278216123580933,
        -1.6713960806476038
    ]
}