{  
    "p4": [
        -0.6804536024676722,
        -0.34390002885927373,
        0.45703649520874023,
        -0.2358477751361292,
        0.9286216497421265,
        -2.294259850178854
    ],
    "p3": [
        -0.06,
        -0.6698902289019983,
        1.179642677307129,
        -0.6104524771319788,
        1.5363038778305054,
        -2.4494691530810755
    ],
    "p2": [
        -0.11,
        -1.2596944014178675,
        2.2710089683532715,
        -1.1125996748553675,
        1.4878071546554565,
        -2.4465771357165735
    ],
    "p1": [
        -0.62,
        -0.6813448111163538,
        2.1993227005004883,
        -1.6413839499102991,
        0.971028208732605,
        -2.3895188013659876
    ],
    "facedown": [-0.3133137861834925, -0.8768876234637659, 2.0456490516662598, -2.3686888853656214, 2.3229124546051025, -2.704559389744894],

    "q1": [
        -0.39656049409975225,
        -1.1024096647845667,
        1.735206127166748,
        -1.2345479170428675,
        1.7579454183578491,
        -2.663921896611349
    ],
    "q2": [
        -0.6428864637957972,
        -0.7250774542437952,
        1.690211296081543,
        -1.906912628804342,
        1.4292701482772827,
        -2.097039047871725
    ],
    "q3": [
        -0.9124882856952112,
        -0.6430338064776819,
        1.8031811714172363,
        -2.097682301198141,
        0.8610036373138428,
        -1.716320816670553
    ],
    "q4": [
        -0.9744375387774866,
        -0.7211316267596644,
        1.7395896911621094,
        -1.9752314726458948,
        0.8278216123580933,
        -1.6713960806476038
    ],

    "pmin": [-0.5104683081256312, 0.23330068588256836, -0.6116002241717737, 0.29657888412475586, 2.3202078342437744, -2.044534985219137], 
    "pmax": [-0.23675710359682256, -1.1909526030169886, 2.0574913024902344, -0.3318713347064417, 0.7503758072853088, -2.8352232615100306]

}