{
    "arm1_pose": [
        -0.6226,
        -0.03173,
        0.1716,
        0.92061594,
        0.00544071,
        -0.00534512,
        0.39039482
    ],
    "arm2_pose": [
        -0.5971546628371606,
        0.42748710494752407,
        0.16777668464757894,
        0.9246606061669018,
        0.042556963379357396,
        -0.021317103765546894,
        -0.3778058355267091
    ]
}